movie_id,title,c_h,c_m,c_l,total,status,error
1291546,霸王别姬,50,50,50,150,done,
1307914,无间道 無間道,50,50,50,150,done,
1292213,大话西游之大圣娶亲 西遊記大結局之仙履奇緣,50,50,50,150,done,
1292365,活着,50,50,50,150,done,
1418019,大闹天宫,50,50,50,150,done,
1461403,茶馆,50,50,50,150,done,
26752088,我不是药神,50,50,50,150,done,
1291858,鬼子来了,50,50,50,150,done,
1422283,高山下的花环,50,50,50,150,done,
3742360,让子弹飞,50,50,50,150,done,
1299398,大话西游之月光宝盒 西遊記第壹佰零壹回之月光寶盒,50,50,50,150,done,
36154853,好东西,50,50,50,150,done,
1291818,饮食男女 飲食男女,50,50,50,150,done,
1307856,背靠背，脸对脸,50,50,50,150,done,
1291543,功夫,50,50,50,150,done,
1292434,一一,50,50,50,150,done,
1428581,天书奇谭,50,50,50,150,done,
1307315,哪吒闹海,50,50,50,150,done,
1297880,芙蓉镇,50,19,50,119,done,
1306249,唐伯虎点秋香 唐伯虎點秋香,50,50,50,150,done,
1464526,横空出世,50,50,50,150,done,
1302425,喜剧之王 喜劇之王,50,50,50,150,done,
36809864,南京照相馆,50,50,50,150,done,
1292679,春光乍泄 春光乍洩,50,50,50,150,done,
36587974,出走的决心,50,50,50,150,done,
1297518,九品芝麻官,50,50,50,150,done,
1303037,喜宴 囍宴,50,50,50,150,done,
1305164,甜蜜蜜,50,50,50,150,done,
36448279,罗小黑战记2,50,50,50,150,done,
1303913,南海十三郎,50,50,50,150,done,
1291557,花样年华 花樣年華,50,50,50,150,done,
36438475,浪浪山小妖怪,50,50,50,150,done,
1297447,倩女幽魂,50,50,50,150,done,
1291999,重庆森林 重慶森林,50,50,50,150,done,
34780991,哪吒之魔童闹海,50,50,50,150,done,
1828115,色，戒,50,50,50,150,done,
21359690,熊出没之过年,50,50,50,150,done,
1292329,牯岭街少年杀人事件 牯嶺街少年殺人事件,50,50,50,150,done,
1307106,无间道2 無間道II,50,50,50,150,done,
3037329,遥望南方的童年,50,50,50,150,done,
1308038,牧马人,50,50,50,150,done,
1291875,阳光灿烂的日子,50,50,50,150,done,
1294194,悲情城市,50,50,50,150,done,
1293323,大红灯笼高高挂,50,50,50,150,done,
26794435,哪吒之魔童降世,50,50,50,150,done,
1300894,城南旧事,50,19,50,119,done,
1308857,可可西里,50,50,50,150,done,
1295409,纵横四海 縱橫四海,50,50,50,150,done,
1862151,疯狂的石头,50,50,50,150,done,
3062897,葫芦兄弟,50,50,50,150,done,
25917973,心迷宫,50,50,50,150,done,
27059130,大佛普拉斯,50,50,50,150,done,
1305261,恐怖分子 恐怖份子,50,50,50,150,done,
1316510,射雕英雄传之东成西就 射鵰英雄傳之東成西就,50,50,50,150,done,
27113517,血观音 血觀音,50,50,50,150,done,
1292287,新龙门客栈 新龍門客棧,50,50,50,150,done,
1298944,无言的山丘 無言的山丘,50,50,50,150,done,
1853621,落叶归根,50,50,50,150,done,
35267208,流浪地球2,50,50,42,142,done,混合页失败:404页面不存在; 最热页翻尽即达存量上限(页面尽头404)
1424552,大决战之辽沈战役,50,50,50,150,done,
1297574,英雄本色,50,50,50,150,done,
35883131,雄狮少年2,50,50,50,150,done,
3792799,岁月神偷 歲月神偷,50,50,50,150,done,
1292328,东邪西毒 東邪西毒,50,50,50,150,done,
4719384,哀乐中年 哀樂中年,50,50,50,150,done,
1418076,天堂回信,50,50,50,150,done,
1303394,青蛇,50,50,50,150,done,
1293237,变脸,50,50,50,150,done,
36035676,长安三万里,50,50,50,150,done,
1300741,枪火 鎗火,50,50,50,150,done,
30292777,阳光普照 陽光普照,50,50,50,150,done,
3012377,神兵小将,50,50,50,150,done,
1307766,那山那人那狗,50,50,50,150,done,
1296218,过年,50,50,50,150,done,
1304476,独立时代 獨立時代,50,50,50,150,done,
1307739,国产凌凌漆 國產凌凌漆,50,50,50,150,done,
36712987,破·地狱 破·地獄,50,50,50,150,done,
35131346,隐入尘烟,50,50,50,150,done,
27119586,谁先爱上他的 誰先愛上他的,50,50,50,150,done,
1300572,童年往事,50,50,50,150,done,
3726072,东邪西毒：终极版 東邪西毒終極版,50,50,50,150,done,
30166972,少年的你,50,50,50,150,done,
3734112,风声,50,50,50,150,done,
35725869,年会不能停！,50,50,50,150,done,
25921812,驴得水,50,50,50,150,done,
2063528,盲山,50,50,50,150,done,
36151692,周处除三害 周處除三害,50,50,50,150,done,
1424551,大决战之淮海战役,50,50,50,150,done,
34940879,年少日记 年少日記,50,50,50,150,done,
3993559,赛德克·巴莱 賽德克·巴萊,50,50,50,150,done,
1302210,神女,50,50,50,150,done,
1305690,阿飞正传 阿飛正傳,50,50,50,150,done,
1310159,梁祝,50,50,50,150,done,
35144311,雄狮少年,50,50,50,150,done,
1299643,宝莲灯,50,50,50,150,done,
1301168,卧虎藏龙 臥虎藏龍,50,50,50,150,done,
1305103,四渡赤水,50,50,50,150,done,
37332784,我，许可,50,50,50,150,done,
4876722,钢的琴,50,50,50,150,done,
10450409,赛德克·巴莱(上) 賽德克·巴萊(上)太陽旗,50,50,50,150,done,
26861685,红海行动,50,50,50,150,done,
1300883,赌神 賭神,50,50,50,150,done,
1307729,大决战之平津战役,50,50,42,142,done,
1300064,家有喜事 家有囍事,50,50,50,150,done,
26220731,熊出没之雪岭熊风,50,50,50,150,done,
26277313,西游记之大圣归来,50,50,50,150,done,
2208890,姊姊妹妹站起来,5,0,0,5,done,好评归并5条; 一般归并0条; 差评归并0条; 分类筛选403，按星级归类
36600459,捕风追影,50,50,50,150,done,
24719063,烈日灼心,50,50,50,150,done,
1297223,鹿鼎记 鹿鼎記,50,50,50,150,done,
10537853,万箭穿心,50,50,50,150,done,
1292330,恋恋风尘 戀戀風塵,50,50,50,150,done,
3649049,金陵十三钗,50,50,50,150,done,
1292895,精武英雄,50,50,50,150,done,
1303173,甲方乙方,50,50,50,150,done,
1292052,肖申克的救赎 The Shawshank Redemption,50,50,50,150,done,
1292722,泰坦尼克号 Titanic,50,50,50,150,done,
1292720,阿甘正传 Forrest Gump,50,50,50,150,done,
1889243,星际穿越 Interstellar,50,50,50,150,done,
1292064,楚门的世界 The Truman Show,50,50,50,150,done,
1295644,这个杀手不太冷 Léon,50,50,50,150,done,
3541415,盗梦空间 Inception,50,50,50,150,done,
1296141,控方证人 Witness for the Prosecution,50,50,50,150,done,
25662329,疯狂动物城 Zootopia,50,50,50,150,done,
1292063,美丽人生 La vita è bella,50,50,50,150,done,
1295124,辛德勒的名单 Schindler's List,50,50,50,150,done,
3011091,忠犬八公的故事 Hachi: A Dog's Tale,50,50,50,150,done,
1292001,海上钢琴师 La leggenda del pianista sull'oceano,50,50,50,150,done,
2131459,机器人总动员 WALL·E,50,50,50,150,done,
1291549,放牛班的春天 Les choristes,50,50,50,150,done,
6786002,触不可及 Intouchables,50,50,50,150,done,
1295038,哈利·波特与魔法石 Harry Potter and the Sorcerer's Stone,50,50,50,150,done,
25958717,海蒂和爷爷 Heidi,50,50,50,150,done,
20495023,寻梦环游记 Coco,50,50,50,150,done,
1293172,末代皇帝 The Last Emperor,50,50,50,150,done,
1291841,教父 The Godfather,50,50,50,150,done,
36445098,还有明天 C'è ancora domani,50,50,50,150,done,
3319755,怦然心动 Flipped,50,50,50,150,done,
1293182,十二怒汉 12 Angry Men,50,50,50,150,done,
1291552,指环王3：王者无敌 The Lord of the Rings: The Return of the King,50,50,50,150,done,
2129039,飞屋环游记 Up,50,50,50,150,done,
1849031,当幸福来敲门 The Pursuit of Happyness,50,50,50,150,done,
1851857,蝙蝠侠：黑暗骑士 The Dark Knight,50,50,50,150,done,
1296736,钢琴家 The Pianist,50,50,50,150,done,
1300267,乱世佳人 Gone with the Wind,50,50,50,150,done,
1291548,死亡诗社 Dead Poets Society,50,50,50,150,done,
1305487,猫鼠游戏 Catch Me If You Can,50,50,50,150,done,
1299131,教父2 The Godfather: Part II,50,50,50,150,done,
1929463,少年派的奇幻漂流 Life of Pi,50,50,50,150,done,
1291572,指环王2：双塔奇兵 The Lord of the Rings: The Two Towers,50,50,50,150,done,
35426925,机器人之梦 Robot Dreams,50,50,50,150,done,
1301753,狮子王 The Lion King,50,50,50,150,done,
1298624,闻香识女人 Scent of a Woman,50,50,50,150,done,
3008247,穿条纹睡衣的男孩 The Boy in the Striped Pajamas,50,50,50,150,done,
5294851,控方证人 Witness for the Prosecution,50,50,50,150,done,
27060077,绿皮书 Green Book,50,50,50,150,done,
1293839,罗马假日 Roman Holiday,50,50,50,150,done,
1291843,黑客帝国 The Matrix,50,50,50,150,done,
1291828,天堂电影院 Nuovo Cinema Paradiso,50,50,50,150,done,
1291544,哈利·波特与阿兹卡班的囚徒 Harry Potter and the Prisoner of Azkaban,50,50,50,150,done,
3011235,哈利·波特与死亡圣器(下) Harry Potter and the Deathly Hallows: Part 2,50,50,50,150,done,
1294371,摩登时代 Modern Times,50,50,50,150,done,
1306029,美丽心灵 A Beautiful Mind,50,50,50,150,done,
1900841,窃听风暴 Das Leben der Anderen,50,50,50,150,done,
1294408,音乐之声 The Sound of Music,50,50,50,150,done,
1292849,拯救大兵瑞恩 Saving Private Ryan,50,50,50,150,done,
1485260,本杰明·巴顿奇事 The Curious Case of Benjamin Button,50,50,50,150,done,
1292000,搏击俱乐部 Fight Club,50,50,50,150,done,
26656728,泳者之心 Young Woman and the Sea,50,50,50,150,done,
1296996,哈利·波特与密室 Harry Potter and the Chamber of Secrets,50,50,50,150,done,
1292656,心灵捕手 Good Will Hunting,50,50,50,150,done,
6985810,狩猎 Jagten,50,50,50,150,done,
5322596,超脱 Detachment,50,50,50,150,done,
1293350,"两杆大烟枪 Lock, Stock and Two Smoking Barrels",50,50,50,150,done,
1652587,阿凡达 Avatar,50,50,50,150,done,
10533913,头脑特工队 Inside Out,50,50,50,150,done,
1292224,飞越疯人院 One Flew Over the Cuckoo's Nest,50,39,50,139,done,
1292402,西西里的美丽传说 Malèna,50,50,50,150,done,
11525673,布达佩斯大饭店 The Grand Budapest Hotel,50,50,50,150,done,
1292262,美国往事 Once Upon a Time in America,50,50,50,150,done,
1292343,蝴蝶效应 The Butterfly Effect,50,50,50,150,done,
2334904,禁闭岛 Shutter Island,50,50,50,150,done,
1293544,沉默的羔羊 The Silence of the Lambs,50,50,50,150,done,
11026735,超能陆战队 Big Hero 6,50,50,50,150,done,
1297192,致命ID Identity,50,19,50,119,done,
35593344,奥本海默 Oppenheimer,50,50,50,150,done,
26580232,看不见的客人 Contratiempo,50,50,50,150,done,
1293908,城市之光 City Lights,50,50,50,150,done,
1291832,低俗小说 Pulp Fiction,50,50,50,150,done,
1309055,哈利·波特与火焰杯 Harry Potter and the Goblet of Fire,50,50,50,150,done,
1780330,致命魔术 The Prestige,50,50,50,150,done,
1858711,玩具总动员3 Toy Story 3,50,50,50,150,done,
1291831,灿烂人生 La meglio gioventù,50,50,50,150,done,
1300992,完美的世界 A Perfect World,50,50,50,150,done,
1298070,加勒比海盗 Pirates of the Caribbean: The Curse of the Black Pearl,50,50,50,150,done,
1294240,教父3 The Godfather: Part III,50,50,50,150,done,
1291992,末路狂花 Thelma & Louise,50,50,50,150,done,
26628357,一个叫欧维的男人决定去死 En man som heter Ove,50,50,50,150,done,
35010610,挽救计划 Project Hail Mary,50,50,50,150,done,
3395373,蝙蝠侠：黑暗骑士崛起 The Dark Knight Rises,50,50,50,150,done,
2353023,驯龙高手 How to Train Your Dragon,50,50,50,150,done,
1291990,爱在日落黄昏时 Before Sunset,50,50,50,150,done,
35689244,F1：狂飙飞车 F1: The Movie,50,50,50,150,done,
1293460,雨中曲 Singin' in the Rain,50,50,50,150,done,
1297679,我想做的是 All I Wanna Do,50,50,50,150,done,
1292223,七宗罪 Se7en,50,50,50,150,done,
3287562,神偷奶爸 Despicable Me,50,50,50,150,done,
24733428,心灵奇旅 Soul,50,50,50,150,done,
1401118,"黄金三镖客 Il buono, il brutto, il cattivo",50,50,50,150,done,
1297630,第六感 The Sixth Sense,50,50,50,150,done,
10577869,时空恋旅人 About Time,50,50,50,150,done,
1291579,"怪兽电力公司 Monsters, Inc.",50,50,50,150,done,
1296339,爱在黎明破晓前 Before Sunrise,50,50,50,150,done,
3011051,恐怖游轮 Triangle,50,50,50,150,done,
26799731,请以你的名字呼唤我 Call Me by Your Name,50,50,50,150,done,
1306861,我是山姆 I Am Sam,50,50,50,150,done,
1418200,傲慢与偏见 Pride & Prejudice,50,50,50,150,done,
1293181,惊魂记 Psycho,50,50,50,150,done,
1907966,疯狂原始人 The Croods,50,50,50,150,done,
27119724,小丑 Joker,50,50,50,150,done,
1292226,2001太空漫游 2001: A Space Odyssey,50,50,50,150,done,
1292370,剪刀手爱德华 Edward Scissorhands,50,50,50,150,done,
1300374,绿里奇迹 The Green Mile,50,50,50,150,done,
4920389,头号玩家 Ready Player One,50,50,50,150,done,
1294639,勇敢的心 Braveheart,50,50,50,150,done,
1293749,生活多美好 It's a Wonderful Life,50,50,50,150,done,
10808442,爱在午夜降临前 Before Midnight,50,50,50,150,done,
1578507,谍影重重3 The Bourne Ultimatum,50,50,50,150,done,
1418834,断背山 Brokeback Mountain,50,50,50,150,done,
3796613,与玛格丽特的午后 La tête en friche,50,50,50,150,done,
1292274,幸福终点站 The Terminal,50,50,50,150,done,
21318488,消失的爱人 Gone Girl,50,50,50,150,done,
1293989,十二怒汉 12 Angry Men,50,50,50,150,done,
6307447,被解救的姜戈 Django Unchained,50,50,50,150,done,
10463953,模仿游戏 The Imitation Game,50,50,50,150,done,
1292348,洛城机密 L.A. Confidential,50,50,50,150,done,
1304447,记忆碎片 Memento,50,50,50,150,done,
1291545,大鱼 Big Fish,50,50,50,150,done,
1291578,冰川时代 Ice Age,50,50,50,150,done,
1291822,卢旺达饭店 Hotel Rwanda,50,50,50,150,done,
25821498,妇女参政论者 Suffragette,50,50,50,150,done,
1457217,哈利·波特与凤凰社 Harry Potter and the Order of the Phoenix,50,50,50,150,done,
2051007,哈利·波特与死亡圣器(上) Harry Potter and the Deathly Hallows: Part 1,50,50,50,150,done,
1867345,遗愿清单 The Bucket List,50,50,50,150,done,
26615208,隐藏人物 Hidden Figures,50,50,50,150,done,
26611804,"三块广告牌 Three Billboards Outside Ebbing, Missouri",50,50,50,150,done,
1292215,天使爱美丽 Le Fabuleux destin d'Amélie Poulain,50,50,50,150,done,
35633650,坠落的审判 Anatomie d'une chute,50,50,50,150,done,
2133323,白日梦想家 The Secret Life of Walter Mitty,50,50,50,150,done,
6534248,无敌破坏王 Wreck-It Ralph,50,50,50,150,done,
1793929,达拉斯买家俱乐部 Dallas Buyers Club,50,50,50,150,done,
1302467,黑客帝国3：矩阵革命 The Matrix Revolutions,50,50,50,150,done,
25938803,莫娣 Maudie,50,50,50,150,done,
26817136,疯狂动物城2 Zootopia 2,50,50,50,150,done,
1296482,安东尼娅家族 Antonia,50,50,50,150,done,
30257175,燃烧女子的肖像 Portrait de la jeune fille en feu,50,50,50,150,done,
25807345,彗星来的那一夜 Coherence,50,50,50,150,done,
4202982,冰雪奇缘 Frozen,50,50,50,150,done,
26374197,蜘蛛侠：平行宇宙 Spider-Man: Into the Spider-Verse,50,50,50,150,done,
1417598,电锯惊魂 Saw,50,50,50,150,done,
1296909,虎口脱险 La grande vadrouille,50,50,50,150,done,
26100958,复仇者联盟4：终局之战 Avengers: Endgame,50,50,50,150,done,
25980443,海边的曼彻斯特 Manchester by the Sea,50,50,50,150,done,
10755367,寂静人生 Still Life,50,50,50,150,done,
1438652,无耻混蛋 Inglourious Basterds,50,50,50,150,done,
1300117,千钧一发 Gattaca,50,50,50,150,done,
1302827,人工智能 A.I. Artificial Intelligence,50,50,50,150,done,
1291844,终结者2：审判日 Terminator 2: Judgment Day,50,50,50,150,done,
3075287,源代码 Source Code,50,50,50,150,done,
1769507,沉静如海 Le silence de la mer,50,50,50,150,done,
1301811,鳄鱼波鞋走天涯 The Cure,50,50,50,150,done,
1303418,你逃我也逃 To Be or Not to Be,50,50,50,150,done,
1295873,偷自行车的人 Ladri di biciclette,50,50,50,150,done,
1291575,玩具总动员 Toy Story,50,50,50,150,done,
25773932,爆裂鼓手 Whiplash,50,50,50,150,done,
1293861,油炸绿番茄 Fried Green Tomatoes,50,50,50,150,done,
1293929,廊桥遗梦 The Bridges of Madison County,50,50,50,150,done,
1304141,黑客帝国2：重装上阵 The Matrix Reloaded,50,50,50,150,done,
2973079,霍比特人3：五军之战 The Hobbit: The Battle of the Five Armies,50,50,50,150,done,
26787574,奇迹男孩 Wonder,50,50,50,150,done,
1397546,追随 Following,50,50,50,150,done,
5300054,波西米亚狂想曲 Bohemian Rhapsody,50,50,50,150,done,
25934014,爱乐之城 La La Land,50,50,50,150,done,
30391186,蜘蛛侠：纵横宇宙 Spider-Man: Across the Spider-Verse,50,50,50,150,done,
1295646,大独裁者 The Great Dictator,50,50,50,150,done,
1298817,淘金记 The Gold Rush,50,50,50,150,done,
1421278,面子 Saving Face,50,50,50,150,done,
25864085,火星救援 The Martian,50,50,50,150,done,
3792848,相助 The Help,50,50,50,150,done,
5327189,伦敦一家人 Ethel & Ernest,50,50,50,150,done,
1793491,美食总动员 Ratatouille,50,50,50,150,done,
2209573,贫民窟的百万富翁 Slumdog Millionaire,50,50,50,150,done,
1293964,魂断蓝桥 Waterloo Bridge,50,50,50,150,done,
1428175,血钻 Blood Diamond,50,50,50,150,done,
1978709,黑天鹅 Black Swan,50,50,50,150,done,
1291870,雨人 Rain Man,50,50,50,150,done,
1308767,谍影重重2 The Bourne Supremacy,50,50,50,150,done,
26703158,斯隆女士 Miss Sloane,50,50,50,150,done,
1300555,回到未来 Back to the Future,50,50,50,150,done,
1309069,蝙蝠侠：侠影之谜 Batman Begins,50,50,50,150,done,
1419936,战争之王 Lord of War,50,50,50,150,done,
1291574,玩具总动员2 Toy Story 2,50,50,50,150,done,
1950148,赎罪 Atonement,50,50,50,150,done,
1304102,谍影重重 The Bourne Identity,50,50,50,150,done,
1307697,芝加哥 Chicago,50,50,50,150,done,
25724855,房间 Room,50,50,50,150,done,
1424334,洞 Le trou,50,50,50,150,done,
25787888,八恶人 The Hateful Eight,50,50,50,150,done,
1309115,帝国的毁灭 Der Untergang,50,50,50,150,done,
1301231,电话谋杀案 Dial M for Murder,50,50,50,150,done,
35603727,猫猫的奇幻漂流 Straume,50,50,50,150,done,
1433330,哈利·波特与混血王子 Harry Potter and the Half-Blood Prince,50,50,50,150,done,
36090457,头脑特工队2 Inside Out 2,50,50,50,150,done,
1293455,永恒和一日 Μία αιωνιότητα και μία μέρα,50,50,50,150,done,
1292925,伴我同行 Stand by Me,50,50,50,150,done,
3552028,弱点 The Blind Side,50,50,50,150,done,
1309163,恋恋笔记本 The Notebook,50,50,50,150,done,
1432146,钢铁侠 Iron Man,50,50,50,150,done,
1309016,百万美元宝贝 Million Dollar Baby,50,50,50,150,done,
1300056,四百击 Les quatre cents coups,50,50,50,150,done,
1292047,蓝白红三部曲之红 Trois couleurs: Rouge,50,50,50,150,done,
3824274,刺猬的优雅 Le hérisson,50,50,50,150,done,
6981153,爱尔兰人 The Irishman,50,50,50,150,done,
1297268,秋日奏鸣曲 Höstsonaten,50,50,50,150,done,
1294781,卡比利亚之夜 Le notti di Cabiria,50,50,50,150,done,
1293088,小鬼当家 Home Alone,50,50,50,150,done,
6850547,玩具总动员4 Toy Story 4,50,50,50,150,done,
1292401,真爱至上 Love Actually,50,50,50,150,done,
1292233,发条橙 A Clockwork Orange,50,50,50,150,done,
1292969,光荣之路 Paths of Glory,50,50,50,150,done,
1315574,加勒比海盗2：亡灵的宝藏 Pirates of the Caribbean: Dead Man's Chest,50,50,50,150,done,
1295865,燃情岁月 Legends of the Fall,50,50,50,150,done,
1293071,野草莓 Smultronstället,50,50,50,150,done,
6874403,再次出发之纽约遇见你 Begin Again,50,50,50,150,done,
1292528,猜火车 Trainspotting,50,39,50,139,done,
1305666,时时刻刻 The Hours,50,50,50,150,done,
1291824,黑鹰坠落 Black Hawk Down,50,50,50,150,done,
1966182,霍比特人1：意外之旅 The Hobbit: An Unexpected Journey,50,50,50,150,done,
6860160,悲惨世界 Les Misérables,50,50,50,150,done,
1291580,杀死比尔 Kill Bill: Vol. 1,50,50,50,150,done,
26761416,至暗时刻 Darkest Hour,50,50,50,150,done,
1294638,E.T.外星人 E.T. the Extra-Terrestrial,50,50,50,150,done,
33432655,困在时间里的父亲 The Father,50,50,50,150,done,
1890572,坠入 The Fall,50,50,50,150,done,
1291839,银翼杀手 Blade Runner,50,50,50,150,done,
1293270,寻子遇仙记 The Kid,50,50,36,136,done,
1322848,奇爱博士 Dr. Strangelove or: How I Learned to Stop Worrying and Love the Bomb,50,50,50,150,done,
26607693,敦刻尔克 Dunkirk,50,50,50,150,done,
4023638,国王的演讲 The King's Speech,50,50,50,150,done,
25954475,聚焦 Spotlight,50,50,50,150,done,
1303535,战场上的快乐圣诞 Merry Christmas Mr. Lawrence,50,50,50,150,done,
1298107,大都会 Metropolis,50,50,50,150,done,
11584019,海洋之歌 Song of the Sea,50,50,50,150,done,
26258779,银河护卫队3 Guardians of the Galaxy Vol. 3,50,50,50,150,done,
1291586,海底总动员 Finding Nemo,50,50,50,150,done,
1292642,伴你高飞 Fly Away Home,50,50,50,150,done,
2213597,朗读者 The Reader,50,50,50,150,done,
1866479,复仇者联盟 The Avengers,50,50,50,150,done,
1300613,土拨鼠之日 Groundhog Day,50,50,50,150,done,
1292270,梦之安魂曲 Requiem for a Dream,50,50,50,150,done,
11606328,霍比特人2：史矛革之战 The Hobbit: The Desolation of Smaug,50,50,50,150,done,
1292574,热情如火 Some Like It Hot,50,50,50,150,done,
1292222,出租车司机 Taxi Driver,50,50,50,150,done,
4798888,叫我第一名 Front of the Class,50,50,50,150,done,
1299080,后窗 Rear Window,50,50,50,150,done,
1309071,天国王朝 Kingdom of Heaven,50,50,50,150,done,
1292981,婚姻生活 Scener ur ett äktenskap,50,50,50,150,done,
3430271,沙漠之花 Desert Flower,50,50,50,150,done,
6518638,艾特熊和赛娜鼠 Ernest et Célestine,50,50,50,150,done,
1301169,跳出我天地 Billy Elliot,50,50,50,150,done,
1292214,非常嫌疑犯 The Usual Suspects,50,50,50,150,done,
2297265,浪潮 Die Welle,50,50,50,150,done,
1292225,闪灵 The Shining,50,50,50,150,done,
30252495,1917,50,50,50,150,done,
26614893,完美陌生人 Perfetti sconosciuti,50,50,50,150,done,
27615441,网络谜踪 Searching,50,50,50,150,done,
1295586,黄昏双镖客 Per qualche dollaro in più,50,50,50,150,done,
1292288,公民凯恩 Citizen Kane,50,50,50,150,done,
1292699,东方快车谋杀案 Murder on the Orient Express,50,50,50,150,done,
3217169,勇士 Warrior,50,50,50,150,done,
3042261,西线无战事 Im Westen nichts Neues,50,50,50,150,done,
1794171,变形金刚 Transformers,50,50,50,150,done,
1303525,流浪者之歌 Дом за вешање,50,50,50,150,done,
1292217,穆赫兰道 Mulholland Dr.,50,50,50,150,done,
1297294,迷魂记 Vertigo,50,50,50,150,done,
1760622,香水 Perfume: The Story of a Murderer,50,50,50,150,done,
35048413,健听女孩 CODA,50,50,50,150,done,
4286017,速度与激情5 Fast Five,50,50,50,150,done,
1296753,卡萨布兰卡 Casablanca,50,50,50,150,done,
24405378,王牌特工：特工学院 Kingsman: The Secret Service,50,50,50,150,done,
2300586,这个男人来自地球 The Man from Earth,50,50,50,150,done,
1418192,加勒比海盗3：世界的尽头 Pirates of the Caribbean: At World's End,50,50,50,150,done,
1293530,角斗士 Gladiator,50,50,50,150,done,
1309101,查理和巧克力工厂 Charlie and the Chocolate Factory,50,50,50,150,done,
1298733,日落大道 Sunset Blvd.,50,50,50,150,done,
1296217,一级恐惧 Primal Fear,50,50,50,150,done,
1295686,盗火线 Heat,50,50,50,150,done,
1291561,千与千寻 千と千尋の神隠し,50,50,50,150,done,
1291560,龙猫 となりのトトロ,50,50,50,150,done,
1291583,天空之城 天空の城ラピュタ,50,50,50,150,done,
1308807,哈尔的移动城堡 ハウルの動く城,50,50,50,150,done,
1959195,忠犬八公物语 ハチ公物語,50,50,50,150,done,
1292220,情书 Love Letter,50,50,50,150,done,
1395091,未麻的部屋 Perfect Blue,50,50,50,150,done,
1295399,七武士 七人の侍,50,50,50,150,done,
1865703,红辣椒 パプリカ,50,50,50,150,done,
1297359,幽灵公主 もののけ姫,50,50,50,150,done,
1292337,无人知晓 誰も知らない,50,50,50,150,done,
1293359,菊次郎的夏天 菊次郎の夏,50,50,50,150,done,
25814705,小森林 夏秋篇 リトル・フォレスト 夏・秋,50,50,50,150,done,
25814707,小森林 冬春篇 リトル・フォレスト 冬・春,50,50,50,150,done,
4202302,借东西的小人阿莉埃蒂 借りぐらしのアリエッティ,50,50,50,150,done,
1308892,新世纪福音战士剧场版：Air/真心为你 新世紀エヴァンゲリオン劇場版 Air/まごころを、君に,50,50,50,150,done,
2149806,入殓师 おくりびと,50,50,50,150,done,
1297052,侧耳倾听 耳をすませば,50,50,50,150,done,
1310177,东京教父 東京ゴッドファーザーズ,50,50,50,150,done,
1291936,攻壳机动队 攻殻機動隊,50,50,50,150,done,
26683290,你的名字。 君の名は。,50,50,50,150,done,
1291585,风之谷 風の谷のナウシカ,50,50,50,150,done,
1787291,被嫌弃的松子的一生 嫌われ松子の一生,50,50,50,150,done,
35315950,灌篮高手 The First Slam Dunk,50,50,50,150,done,
34874432,花束般的恋爱 花束みたいな恋をした,50,50,50,150,done,
25895901,海街日记 海街diary,50,50,50,150,done,
4848115,你看起来好像很好吃 おまえうまそうだな,50,50,50,150,done,
27622447,小偷家族 万引き家族,50,50,50,150,done,
4268598,告白,50,50,50,150,done,
1304920,切腹,50,50,50,150,done,
1307811,魔女宅急便 魔女の宅急便,50,50,50,150,done,
1291568,东京物语 東京物語,50,50,50,150,done,
2567646,福音战士新剧场版：破 ヱヴァンゲリヲン新劇場版：破,50,50,50,150,done,
35231832,鬼灭之刃：那田蜘蛛山篇 鬼滅の刃 那田蜘蛛山編,50,50,50,150,done,
1293847,生之欲 生きる,50,50,50,150,done,
10428501,天鹰战士：最后的冲击 シン・エヴァンゲリオン劇場版:│▌,50,50,50,150,done,
1959877,崖上的波妞 崖の上のポニョ,50,50,50,150,done,
2222996,步履不停 歩いても 歩いても,50,50,50,150,done,
1291879,罗生门 羅生門,50,50,50,150,done,
10484041,横道世之介,50,50,50,150,done,
1958667,蜡笔小新：大人王国的反击 クレヨンしんちゃん 嵐を呼ぶ モーレツ!オトナ帝国の逆襲,50,50,50,150,done,
2286642,名侦探柯南：贝克街的亡灵 名探偵コナン ベイカー街の亡霊,50,50,50,150,done,
33393167,鬼灭之刃：兄妹的羁绊 鬼滅の刃 兄妹の絆,50,50,50,150,done,
1307394,千年女优 千年女優,50,50,50,150,done,
1455442,新世纪福音战士剧场版：死与新生 新世紀エヴァンゲリオン劇場版 シト新生,50,50,50,150,done,
35797709,怪物,50,50,50,150,done,
5912992,熔炉 도가니,50,50,50,150,done,
21937452,素媛 소원,50,50,50,150,done,
37116612,世界的主人 세계의 주인,50,50,50,150,done,
21937445,辩护人 변호인,50,50,50,150,done,
27010768,寄生虫 기생충,50,50,50,150,done,
1300299,杀人回忆 살인의 추억,50,50,50,150,done,
10777687,7号房的礼物 7번방의 선물,50,50,50,150,done,
10437779,新世界 신세계,50,50,50,150,done,
25986180,釜山行 부산행,50,50,50,150,done,
1306664,共同警备区 공동경비구역 JSA,50,50,50,150,done,
35712804,首尔之春 서울의 봄,50,50,50,150,done,
4917726,阳光姐妹淘 써니,50,50,50,150,done,
21360417,恐怖直播 더 테러 라이브,50,50,50,150,done,
5908478,我爱你 그대를 사랑합니다,50,50,50,150,done,
26683421,特工 공작,50,50,50,150,done,
25977027,小姐 아가씨,50,50,50,150,done,
30327842,82年生的金智英 82년생 김지영,50,50,50,150,done,
1299361,爱·回家 집으로...,50,50,50,150,done,
26709258,罗小黑战记,50,50,50,150,done,分类筛选403，按星级归类
35376457,爱情神话,50,50,50,150,done,
27110296,无名之辈,50,50,50,150,done,
36149032,我们一起摇太阳,50,50,50,150,done,
1297747,少林足球,50,50,50,150,done,
35698284,关于我和鬼变成家人的那件事 關於我和鬼變成家人的那件事,50,50,50,150,done,
26425063,无双 無雙,50,50,50,150,done,
1293351,食神,50,50,50,150,done,
4920528,那些年，我们一起追的女孩 那些年，我們一起追的女孩,50,50,50,150,done,
1297863,武状元苏乞儿 武狀元蘇乞兒,50,50,50,150,done,
3821067,一代宗师 一代宗師,50,50,50,150,done,
1302090,逃学威龙 逃學威龍,50,50,50,150,done,
36680492,大濛,50,50,50,150,done,
25716096,狗十三,50,50,50,150,done,
1329936,大内密探零零发 大內密探零零發,50,50,50,150,done,
1291550,天下无贼,50,50,50,150,done,
10831445,百鸟朝凤,50,50,50,150,done,
26647117,暴裂无声,50,50,50,150,done,
1299680,整蛊专家 整蠱專家,50,50,50,150,done,
2124703,疯狂的赛车,50,50,50,150,done,
25890005,山河故人,50,50,50,150,done,
3804891,无人区,50,50,50,150,done,
1308575,蓝色大门 藍色大門,50,50,50,150,done,
2124724,不能说的秘密 不能說的·祕密,50,50,50,150,done,
4135710,Hello！树先生,50,50,50,150,done,
25798222,亲爱的,50,50,50,150,done,
1299765,回魂夜,50,50,50,150,done,
24875534,十二公民,50,50,50,150,done,
1307694,无间道3：终极无间 無間道III 終極無間,50,50,50,150,done,
3230459,李米的猜想,50,50,50,150,done,
24753811,熊出没之夺宝熊兵,50,50,50,150,done,
35268501,乘船而去,50,50,50,150,done,
1306951,鹿鼎记2 鹿鼎記II 神龍教,50,50,50,150,done,
1766086,太阳照常升起,50,50,50,150,done,
36066128,画江湖之天罡,50,50,50,150,done,
1299288,胭脂扣,50,50,50,150,done,
6011805,一九四二,50,50,50,150,done,
36176155,一战再战 One Battle After Another,50,50,50,150,done,
35575567,沙丘2 Dune: Part Two,50,50,50,150,done,
24773958,复仇者联盟3：无限战争 Avengers: Infinity War,50,50,50,150,done,
1482072,穿普拉达的女王 The Devil Wears Prada,50,50,50,150,done,
36247731,新·驯龙高手 How to Train Your Dragon,50,50,50,150,done,
36916000,诺曼底72小时 Pressure,50,50,50,150,done,
7065154,银河护卫队 Guardians of the Galaxy,50,50,50,150,done,
6390823,美国队长2 Captain America: The Winter Soldier,50,50,50,150,done,
1783457,功夫熊猫 Kung Fu Panda,50,50,50,150,done,
1306612,蜘蛛侠 Spider-Man,50,50,50,150,done,
30318116,利刃出鞘 Knives Out,50,50,50,150,done,
4915857,神偷奶爸2 Despicable Me 2,50,50,50,150,done,
10512661,银翼杀手2049 Blade Runner 2049,50,50,50,150,done,
1308779,后天 The Day After Tomorrow,50,50,50,150,done,
37067150,关于约会的一切 Follemente,50,50,50,150,done,
2997076,华尔街之狼 The Wolf of Wall Street,50,50,50,150,done,
36742572,巴黎夏日 Le Rendez-vous de l'été,50,50,50,150,done,
25929151,遇见你之前 Me Before You,50,50,50,150,done,
3005875,2012,50,50,50,150,done,
1306809,生化危机 Resident Evil,50,50,50,150,done,
35284253,青春变形记 Turning Red,50,50,50,150,done,
20645098,小王子 Le Petit Prince,50,50,50,150,done,
23761370,速度与激情7 Furious 7,50,50,50,150,done,
3233635,功夫熊猫2 Kung Fu Panda 2,50,50,50,150,done,
36689857,荒野机器人 The Wild Robot,50,50,50,150,done,
20438964,无敌破坏王2：大闹互联网 Ralph Breaks the Internet,50,50,50,150,done,
3789848,怪兽大学 Monsters University,50,50,50,150,done,
1418752,万能钥匙 The Skeleton Key,50,50,50,150,done,
3804629,招魂 The Conjuring,50,50,50,150,done,
3011308,孤儿怨 Orphan,50,50,50,150,done,
35876302,晒后假日 Aftersun,50,50,50,150,done,
10485647,X战警：逆转未来 X-Men: Days of Future Past,50,50,50,150,done,
35736202,狗神 DogMan,50,50,50,150,done,
1945330,迷雾 The Mist,50,50,50,150,done,
6722879,她 Her,50,50,50,150,done,
26336252,碟中谍6：全面瓦解 Mission: Impossible - Fallout,50,50,50,150,done,
4824512,驯龙高手2 How to Train Your Dragon 2,50,50,50,150,done,
30466931,波斯语课 Persischstunden,50,50,50,150,done,
3006772,第九区 District 9,50,50,50,150,done,
1297203,着魔 Possession,50,50,50,150,done,
4746257,明日边缘 Edge of Tomorrow,50,50,50,150,done,
36778356,火车梦 Train Dreams,50,50,50,150,done,
25765735,金刚狼3：殊死一战 Logan,50,50,50,150,done,
3269068,精灵旅社 Hotel Transylvania,50,50,50,150,done,
3068206,碟中谍4 Mission: Impossible - Ghost Protocol,50,50,50,150,done,
1291584,杀死比尔2 Kill Bill: Vol. 2,50,50,50,150,done,
1300868,异形 Alien,50,50,50,150,done,
1292523,侏罗纪公园 Jurassic Park,50,50,50,150,done,
1863766,魔发奇缘 Tangled,50,50,50,150,done,
25868125,穿靴子的猫2 Puss in Boots: The Last Wish,50,50,50,150,done,
5327268,荒野猎人 The Revenant,50,50,50,150,done,
3274505,猩球崛起 Rise of the Planet of the Apes,50,50,50,150,done,
1298038,诺丁山 Notting Hill,50,50,50,150,done,
26340419,帕丁顿熊2 Paddington 2,50,50,50,150,done,
1428878,赛车总动员 Cars,39,50,50,139,done,
1857099,老无所依 No Country for Old Men,50,50,50,150,done,
3168089,X战警：第一战 X-Men: First Class,50,50,50,150,done,
26593587,天才少女 Gifted,50,50,50,150,done,
35076714,扎克·施奈德版正义联盟 Zack Snyder's Justice League,50,50,50,150,done,
3205624,社交网络 The Social Network,50,50,50,150,done,
1301445,黑衣人 Men in Black,50,50,50,150,done,
1309060,僵尸新娘 Corpse Bride,50,50,50,150,done,
1820156,我是传奇 I Am Legend,50,50,50,150,done,
1308752,生化危机2：启示录 Resident Evil: Apocalypse,50,50,50,150,done,
1292484,碟中谍 Mission: Impossible,50,50,50,150,done,
10594965,实习生 The Intern,50,50,50,150,done,
1309021,康斯坦丁 Constantine,50,50,50,150,done,
25858604,普罗旺斯的夏天 Avis de mistral,50,50,50,150,done,
1292659,变脸 Face/Off,50,50,50,150,done,
26303622,大空头 The Big Short,50,50,50,150,done,
1301459,小岛惊魂 The Others,50,50,50,150,done,
6538866,极速车王 Ford v Ferrari,50,50,50,150,done,
26354572,欢乐好声音 Sing,50,50,20,120,done,混合页失败:404页面不存在; 最热页翻尽即达存量上限(页面尽头404)
6879185,为奴十二年 12 Years a Slave,50,50,50,150,done,
26416603,萨利机长 Sully,50,50,50,150,done,
1291577,超人总动员 The Incredibles,50,50,50,150,done,
1297995,美女与野兽 Beauty and the Beast,50,50,50,150,done,
1299603,落水狗 Reservoir Dogs,50,50,50,150,done,
36524559,鬼灭之刃：无限城篇 第一章 猗窝座再袭 劇場版「鬼滅の刃」無限城編 第一章 猗窩座再来,50,50,50,150,done,
26259677,垫底辣妹 ビリギャル,50,50,50,150,done,
36765646,蓦然回首 ルックバック,50,50,50,150,done,
35902857,完美的日子 Perfect Days,50,50,50,150,done,
2043546,秒速5厘米 秒速5センチメートル,50,50,50,150,done,
6791750,起风了 風立ちぬ,50,50,50,150,done,
1291838,红猪 紅の豚,50,50,50,150,done,
1293318,萤火虫之墓 火垂るの墓,50,50,50,150,done,
27166442,夏目友人帐 劇場版 夏目友人帳 ～うつせみに結ぶ～,50,50,50,150,done,
1937946,穿越时空的少女 時をかける少女,50,50,50,150,done,
36060209,排球少年！！垃圾场决战 劇場版ハイキュー!! ゴミ捨て場の決戦,50,50,50,150,done,
26842702,燃烧 버닝,50,50,50,150,done,
1304073,假如爱有天意 클래식,50,50,50,150,done,
1292286,我的野蛮女友 엽기적인 그녀,50,50,50,150,done,
